{
  "version": 2,
  "builds": [{ "src": "vite.config.ts", "use": "@vercel/static-build" }],
  "routes": [{ "src": "/(.*)", "dest": "/" }],
  "env": {
    "VITE_FIREBASE_API_KEY": "@vite_firebase_api_key",
    "VITE_FIREBASE_AUTH_DOMAIN": "@vite_firebase_auth_domain",
    "VITE_FIREBASE_PROJECT_ID": "@vite_firebase_project_id",
    "VITE_FIREBASE_STORAGE_BUCKET": "@vite_firebase_storage_bucket",
    "VITE_FIREBASE_MESSAGING_SENDER_ID": "@vite_firebase_messaging_sender_id",
    "VITE_FIREBASE_APP_ID": "@vite_firebase_app_id",
    "VITE_ALLOWLIST": "@vite_allowlist"
  }
}